Book Name,Author,Rating,Customers_Rated,Price
"PW Physics Med Easy Notes | Notes, Formulas, Mnemonics, Tips & Tricks for NEET/JEE & Board Exams | MR Sir Physics Handwritten Notes",Dr. Manish Raj (MR. Sir),5.0 out of 5 stars,Dr. Manish Raj (MR. Sir),0
Atomic Habits,James Clear,4.6 out of 5 stars,"84,532",0
My First Library: Boxset of 10 Board Books for Kids,Wonder House Books,4.5 out of 5 stars,"72,955",0
The Psychology Of Money,Morgan Housel,4.6 out of 5 stars,"54,735",0
Shrimad Bhagwat Geeta Yatharoop,A.C. Bhaktivendanta Swami Prabhupada,4.8 out of 5 stars,"17,294",0
Don't Believe Everything You Think (English),Joseph Nguyen,4.6 out of 5 stars,"2,737",0
"NTA UGC NET /SET/JRF Paper 1, Teaching and Research Aptitude – 2023, Includes latest 2022 paper and 2600+ Practice Questions with Solutions | Includes NEP - 2020| 7th Edition - By Pearson",KVS Madaan,4.4 out of 5 stars,KVS Madaan,0
The Power of Your Subconscious Mind,Joseph Murphy,4.5 out of 5 stars,"77,986",0
Ikigai,Francesc Miralles,4.6 out of 5 stars,"50,611",0
Indian Polity for UPSC (English| 7th Edition) |Civil Services Exam| State Administrative Exams,M Laxmikanth,4.5 out of 5 stars,449,0
My First Book of Patterns Pencil Control: Practice Patterns (Pattern Writing),Wonder House Books,4.4 out of 5 stars,"25,759",0
Brain Activity Book for Kids - 200+ Activities for Age 3+,Maple Press,4.4 out of 5 stars,"4,373",0
Rich Dad Poor Dad: 25th Anniversary Edit,Robert T. Kiyosaki,4.5 out of 5 stars,"25,788",0
Bhagvad Gita As It Is English New Edition,A. C. Bhaktivedanta Swami Prabhupad,4.8 out of 5 stars,A. C. Bhaktivedanta Swami Prabhupad,0
"Do It Today: Overcome procrastination, improve productivity and achieve more meaningful things [Paperback] Foroux, Darius",Darius Foroux,4.4 out of 5 stars,"7,526",0
Colouring Books for Kids (Pack of 12 Books),Wonder House Books,4.5 out of 5 stars,"3,848",0
BlackBook of English Vocabulary March 2023 by Nikhil Gupta,Nikhil K.R. Gupta,4.5 out of 5 stars,Nikhil K.R. Gupta,0
"Sank Magic Practice Copybook, (4 BOOK + 10 REFILL+ 1 Pen +1 Grip) Number Tracing Book for Preschoolers with Pen, Magic Calligraphy Copybook Set Practical Reusable Writing Tool Simple Hand Lettering",Sank Magic,3.9 out of 5 stars,Sank Magic,0
KARMA: A YOGI'S GUIDE TO CRAFTING YOUR DESTINY,Sadhguru,4.7 out of 5 stars,"14,617",0
"MTG International Mathematics Olympiad (IMO) Workbook for Class 3 - MCQs, Previous Years Solved Paper and Achievers Section - SOF Olympiad Preparation Books For 2023-2024 Exam",MAHABIR SINGH,4.5 out of 5 stars,MAHABIR SINGH,0
"My First Mythology Tale (Illustrated) (Set of 5 Books) - Mahabharata, Krishna, Hanuman, Ganesha, Ramayana - Story Book for Kids - English Short Stories with Colourful Pictures - Read Aloud to Infants, Toddlers",Maple Press,4.4 out of 5 stars,"7,740",0
"Grandma's Bag of Stories: Collection of 20+ Illustrated short stories, traditional Indian folk tales for all ages for children of all ages by Sudha Murty [Paperback] Sudha Murty",Murty Sudha,4.6 out of 5 stars,Murty Sudha,0
How to Win Friends and Influence People,Dale Carnegie,4.5 out of 5 stars,"117,163",0
TUESDAYS WITH MORRIE (EXPORT) (A FORMAT),Mitch Albom,4.6 out of 5 stars,"23,321",0
"MTG International Mathematics Olympiad (IMO) Workbook for Class 4 - MCQs, Previous Years Solved Paper and Achievers Section - SOF Olympiad Preparation Books For 2023-2024 Exam",MAHABIR SINGH,4.5 out of 5 stars,MAHABIR SINGH,0
"Think Straight: Change your thoughts, Change your life [Paperback] Foroux, Darius",Darius Foroux,4.2 out of 5 stars,"12,340",0
29 Previous Years UPSC Civil Services IAS Prelims Topic-wise Solved Papers 1 & 2 (1995 - 2023) 14th Edition | General Studies & Aptitude (CSAT) PYQs Question Bank |,Mrunal Patel,4.3 out of 5 stars,Mrunal Patel,0
You Can,George Matthew Adams,4.3 out of 5 stars,"4,154",0
"MTG International Mathematics Olympiad (IMO) Workbook for Class 2 - MCQs, Previous Years Solved Paper and Achievers Section - SOF Olympiad Preparation Books For 2023-2024 Exam",MAHABIR SINGH,4.4 out of 5 stars,MAHABIR SINGH,0
"Moral Story Books for Kids (Illustrated) - English Short Stories with Colourful Pictures - Bedtime Children Story Book - 3 Years to 6 Years Old Children - Read Aloud to Infants, Toddlers (Set of 10 Books)",Maple Press,4.5 out of 5 stars,"1,768",0
Autobiography of a Yogi (Complete Original Edition),Paramahansa Yogananda,4.6 out of 5 stars,"9,494",0
"My First 1000 Words : Early Learning Picture Book to learn Alphabet, Numbers, Shapes and Colours, Tr",Wonder House Books,4.5 out of 5 stars,"7,952",0
"The Hidden Hindu: Science-Fiction meets Indian mythology in a nail biting thriller set in 2020 [Paperback] Gupta, Akshat",Akshat Gupta,4.4 out of 5 stars,"2,566",0
"MTG International Mathematics Olympiad (IMO) Workbook for Class 5 - MCQs, Previous Years Solved Paper and Achievers Section - SOF Olympiad Preparation Books For 2023-2024 Exam",MAHABIR SINGH,4.6 out of 5 stars,MAHABIR SINGH,0
"THE SILENT PATIENT [Paperback] Michaelides, Alex",Alex Michaelides,4.5 out of 5 stars,"267,638",0
The Hidden Hindu (Hindi Translation of The Hidden Hindu) Paperback,Akshat Gupta,4.5 out of 5 stars,"1,281",0
"Disha 144 JEE Main Online (2023-2012) & Offline (2018-2002) Physics,Chemistry & Mathematics Chapter-wise+Topic-wise Previous Years Solved Papers 7th Edition NCERT Chapterwise PYQ Question Bank",Disha Experts,4.2 out of 5 stars,Disha Experts,0
Animal Stories for Panchtantra 84 pp English 8x8 Book 1,Wonder House Books,4.5 out of 5 stars,"4,747",0
Word Power Made Easy [Paperback] Norman Lewis,Norman Lewis,4.4 out of 5 stars,"47,280",0
"MTG International Mathematics Olympiad (IMO) Workbook for Class 6 - MCQs, Previous Years Solved Paper and Achievers Section - SOF Olympiad Preparation Books For 2023-2024 Exam",MAHABIR SINGH,4.5 out of 5 stars,MAHABIR SINGH,0
THE 48 LAWS OF POWER,Robert Greene,4.6 out of 5 stars,"17,864",0
Autobiography of A Yogi (Hindi),Paramahansa Yogananda,4.6 out of 5 stars,Paramahansa Yogananda,0
"Little Colouring Books for Kids (Set of 10 Books) - Gift to children for painting, drawing and colouring - Alphabets, Animals, Birds, Flags, Flowers, ... Transport, Vegetables - 3 to 6 years old [Paperback] Maple Press",Maple Press,4.3 out of 5 stars,"3,191",0
"Percy Jackson and the Olympians: The Chalice of the Gods: (A BRAND NEW PERCY JACKSON ADVENTURE) (Percy Jackson, 6) (Percy Jackson and The Olympians, 6)",Rick Riordan,4.7 out of 5 stars,113,0
1800+ Reward Stickers Ideal For Teachers And Parents Sticker Book With Over 1800 Stickers to Boost The Morale of Kids,Wonder House Books,4.5 out of 5 stars,"1,521",0
"MTG 36 Years NEET Previous Year Solved Question Papers with NEET PYQ Chapterwise Topicwise Solutions - Physics, Chemistry & Biology For NEET Exam 2024 | Get Free access of Smart Book (Set of 3 Books)",MTG Editorial Board,4.4 out of 5 stars,MTG Editorial Board,0
Gita Press Durga Saptashati Book (Code 1281) (Hindi) Hardcover,Geeta press gorakhpur,4.7 out of 5 stars,Geeta press gorakhpur,0
"MTG International Mathematics Olympiad (IMO) Workbook for Class 1 - MCQs, Previous Years Solved Paper and Achievers Section - SOF Olympiad Preparation Books For 2023-2024 Exam",MAHABIR SINGH,4.4 out of 5 stars,MAHABIR SINGH,0
Think And Grow Rich - Hindi,Napoleon Hill,4.4 out of 5 stars,"9,748",0
Oswaal CBSE Class 10 Science Question Bank (For 2024 Board Exams),Oswaal Editorial Board,4.4 out of 5 stars,460,0
